{"user1": {"username": "user1", "password": "password1", "country": "UK", "contact": "+91-23445343434343", "created": "2020-07-07 00:16:28.293901"}, "user2": {"username": "user2", "password": "password2", "country": "US", "contact": "+91-243766743434343", "created": "2020-07-07 00:28:07.315781"}, "sdds": {"username": "sdds", "password": "sdsdsd", "country": "sdds", "contact": "ssd"}, "we": {"username": "we", "password": "we", "country": "we", "contact": "we"}, "": {"username": "", "password": "", "country": "", "contact": ""}, "wew": {"username": "wew", "password": "wewewew", "country": "wewewew", "contact": "ewewewew"}, "qww": {"username": "qww", "password": "wqww", "country": "qw", "contact": "qwwq"}, "ww": {"username": "ww", "password": "wew", "country": "we", "contact": "ewww"}, "Ishan": {"username": "Ishan", "password": "1234", "country": "", "contact": ""}}